<?xml version="1.0" encoding="UTF-8"?>
<ApexPage xmlns="http://soap.sforce.com/2006/04/metadata">
    <apiVersion>30.0</apiVersion>
    <availableInTouch>false</availableInTouch>
    <confirmationTokenRequired>false</confirmationTokenRequired>
    <label>OWASP_8_CSRF</label>
    <packageVersions>
        <majorNumber>1</majorNumber>
        <minorNumber>91</minorNumber>
        <namespace>EasyDescribe</namespace>
    </packageVersions>
    <packageVersions>
        <majorNumber>1</majorNumber>
        <minorNumber>1</minorNumber>
        <namespace>SchemaSurfer</namespace>
    </packageVersions>
    <packageVersions>
        <majorNumber>1</majorNumber>
        <minorNumber>0</minorNumber>
        <namespace>cloudconverter</namespace>
    </packageVersions>
</ApexPage>
